<WardrobeSettings xmlns:xsi="http://www.w3.org/2001/XMLSchema-instance" xmlns:xsd="http://www.w3.org/2001/XMLSchema">

	<!-- 
		JUMPKINGPLUS V1.6.0 by Phoenixx19
		 https://phoenixx19.github.io/JumpKingPlus/workshop
		 Wardrobe feature - Custom skins support.
	-->

	<isCollection>true</isCollection>
	
	<skin>NULL</skin>
	<name></name>
	<description></description>
	<enabled>false</enabled>
	
	<collection>
		<name>TwinkKing</name>
		<description>Jump King finally comes out of the closet... fortunately he still up for rescuing the Babe, just out of pure generosity.</description>
		<enabled>true</enabled>
		<Reskins>
			<Reskin>
				<skin>NULL</skin>
				<name>TwinkKing</name>
			</Reskin>
			<Reskin>
				<skin>Crown</skin>
				<name>TwinkKing_Crown</name>
			</Reskin>
			<Reskin>
				<skin>CrownOwl</skin>
				<name>TwinkKing_Ears</name>
			</Reskin>
		</Reskins>
	</collection>
	
</WardrobeSettings>