<?xml version="1.0"?>
<WardrobeSettings xmlns:xsi="http://www.w3.org/2001/XMLSchema-instance" xmlns:xsd="http://www.w3.org/2001/XMLSchema">
  <isCollection>true</isCollection>
  <skin>NULL</skin>
  <name />
  <description />
  <enabled>false</enabled>
  <collection>
    <name>Shovel Knight</name>
    <description>For Shovelry!</description>
    <enabled>false</enabled>
    <Reskins>
      <Reskin>
        <skin>NULL</skin>
        <name>shovel_base</name>
      </Reskin>
      <Reskin>
        <skin>Crown</skin>
        <name>shovel_crown</name>
      </Reskin>
      <Reskin>
        <skin>Shoes</skin>
        <name>shovel_shoes</name>
      </Reskin>
      <Reskin>
        <skin>CrownNBP</skin>
        <name>shovel_crown_nbp</name>
      </Reskin>
      <Reskin>
        <skin>SnakeRing</skin>
        <name>shovel_ring</name>
      </Reskin>
      <Reskin>
        <skin>GiantBoots</skin>
        <name>shovel_shoes_iron</name>
      </Reskin>
      <Reskin>
        <skin>Cap</skin>
        <name>shovel_cap</name>
      </Reskin>
      <Reskin>
        <skin>GnomeHat</skin>
        <name>shovel_gnomehat</name>
      </Reskin>
      <Reskin>
        <skin>Tunic</skin>
        <name>shovel_tunic</name>
      </Reskin>
      <Reskin>
        <skin>YellowShoes</skin>
        <name>shovel_yellowshoes</name>
      </Reskin>
      <Reskin>
        <skin>CrownOwl</skin>
        <name>shovel_crown_owl</name>
      </Reskin>
      <Reskin>
        <skin>CapeOwl</skin>
        <name>shovel_cape_owl</name>
      </Reskin>
    </Reskins>
  </collection>
</WardrobeSettings>