<WardrobeSettings xmlns:xsi="http://www.w3.org/2001/XMLSchema-instance" xmlns:xsd="http://www.w3.org/2001/XMLSchema">

	<!-- 
		JUMPKINGPLUS V1.6.0 by Phoenixx19
		 https://phoenixx19.github.io/JumpKingPlus/workshop
		 Wardrobe feature - Custom skins support.
	-->

	<isCollection>false</isCollection>
	<skin>GnomeHat</skin>
	<name>Pizza Hat</name>
	<description>After giving up on reaching the babe, the Jump King decided to follow his passion for making pizza instead. He now proudly wears his creations on his head.</description>
	<enabled>true</enabled>
	
</WardrobeSettings>