<WardrobeSettings xmlns:xsi="http://www.w3.org/2001/XMLSchema-instance" xmlns:xsd="http://www.w3.org/2001/XMLSchema">

	<!-- 
		JUMPKINGPLUS V1.6.0 by Phoenixx19
		 https://phoenixx19.github.io/JumpKingPlus/workshop
		 Wardrobe feature - Custom skins support.
	-->

	<isCollection>false</isCollection>
	<skin>NULL</skin>
	<name>LudKing</name>
	<description>Ludwig Character Replacer For Babe of Ascension, Replaces Main Character For Babe of Ascension with Ludwig</description>
	<enabled>true</enabled>
	
</WardrobeSettings>