<?xml version="1.0"?>
<WardrobeSettings xmlns:xsi="http://www.w3.org/2001/XMLSchema-instance" xmlns:xsd="http://www.w3.org/2001/XMLSchema">
  <isCollection>true</isCollection>
  <skin>NULL</skin>
  <name />
  <description />
  <enabled>false</enabled>
  <collection>
    <name>8-Bit King</name>
    <description>A more retro look for your Jump King.</description>
    <enabled>false</enabled>
    <Reskins>
      <Reskin>
        <skin>NULL</skin>
        <name>8_base</name>
      </Reskin>
      <Reskin>
        <skin>Crown</skin>
        <name>8_crown</name>
      </Reskin>
      <Reskin>
        <skin>Shoes</skin>
        <name>8_shoes</name>
      </Reskin>
      <Reskin>
        <skin>CrownNBP</skin>
        <name>8_crown_nbp</name>
      </Reskin>
      <Reskin>
        <skin>SnakeRing</skin>
        <name>8_ring</name>
      </Reskin>
      <Reskin>
        <skin>GiantBoots</skin>
        <name>8_shoes_iron</name>
      </Reskin>
      <Reskin>
        <skin>Cap</skin>
        <name>8_cap</name>
      </Reskin>
      <Reskin>
        <skin>GnomeHat</skin>
        <name>8_gnomehat</name>
      </Reskin>
      <Reskin>
        <skin>Tunic</skin>
        <name>8_tunic</name>
      </Reskin>
      <Reskin>
        <skin>YellowShoes</skin>
        <name>8_yellowshoes</name>
      </Reskin>
      <Reskin>
        <skin>CrownOwl</skin>
        <name>8_crown_owl</name>
      </Reskin>
      <Reskin>
        <skin>CapeOwl</skin>
        <name>8_cape_owl</name>
      </Reskin>
    </Reskins>
  </collection>
</WardrobeSettings>