<WardrobeSettings xmlns:xsi="http://www.w3.org/2001/XMLSchema-instance" xmlns:xsd="http://www.w3.org/2001/XMLSchema">

	<!-- 
		JUMPKINGPLUS V1.6.0 by Phoenixx19
		 https://phoenixx19.github.io/JumpKingPlus/workshop
		 Wardrobe feature - Custom skins support.
	-->

	<isCollection>true</isCollection>
	
	<skin>NULL</skin>
	<name></name>
	<description></description>
	<enabled>false</enabled>
	
	<collection>
		<name>Old Man</name>
		<description>"You have heard the legend too? Go on, get up there!"</description>
		<enabled>true</enabled>
		<Reskins>
			<Reskin>
				<skin>NULL</skin>
				<name>Old Man_Base</name>
			</Reskin>
			<Reskin>
				<skin>Crown</skin>
				<name>Old Man_Crown</name>
			</Reskin>
			<Reskin>
				<skin>Shoes</skin>
				<name>Old Man_Shoes</name>
			</Reskin>
			<Reskin>
				<skin>CrownNBP</skin>
				<name>Old Man_CrownNBP</name>
			</Reskin>
			<Reskin>
				<skin>SnakeRing</skin>
				<name>Old Man_SnakeRing</name>
			</Reskin>
			<Reskin>
				<skin>GiantBoots</skin>
				<name>Old Man_GiantBoots</name>
			</Reskin>
			<Reskin>
				<skin>Cap</skin>
				<name>Old Man_Cap</name>
			</Reskin>
			<Reskin>
				<skin>GnomeHat</skin>
				<name>Old Man_GnomeHat</name>
			</Reskin>
			<Reskin>
				<skin>Tunic</skin>
				<name>Old Man_Tunic</name>
			</Reskin>
			<Reskin>
				<skin>YellowShoes</skin>
				<name>Old Man_YellowShoes</name>
			</Reskin>
			<Reskin>
				<skin>CrownOwl</skin>
				<name>Old Man_CrownOwl</name>
			</Reskin>
			<Reskin>
				<skin>CapeOwl</skin>
				<name>Old Man_CapeOwl</name>
			</Reskin>
		</Reskins>
	</collection>
	
</WardrobeSettings>