<WardrobeSettings xmlns:xsi="http://www.w3.org/2001/XMLSchema-instance" xmlns:xsd="http://www.w3.org/2001/XMLSchema">

	<!-- 
		JUMPKINGPLUS V1.6.0 by Phoenixx19
		 https://phoenixx19.github.io/JumpKingPlus/workshop
		 Wardrobe feature - Custom skins support.
	-->

	<isCollection>false</isCollection>
	<skin>GiantBoots</skin>
	<name>Golden Boots</name>
	<description>Precisely sculpted in every single detail, made by unknown old man in the past.</description>
	<enabled>true</enabled>
	
</WardrobeSettings>