<?xml version="1.0"?>
<WardrobeSettings xmlns:xsi="http://www.w3.org/2001/XMLSchema-instance" xmlns:xsd="http://www.w3.org/2001/XMLSchema">
  <isCollection>true</isCollection>
  <skin>NULL</skin>
  <name />
  <description />
  <enabled>false</enabled>
  <collection>
    <name>Deadbeats Complete</name>
    <description>Complete Hololive-themed skin collection</description>
    <enabled>true</enabled>
    <Reskins>
      <Reskin>
        <skin>NULL</skin>
        <name>Deadbeats</name>
      </Reskin>
      <Reskin>
        <skin>Crown</skin>
        <name>DBCrown</name>
      </Reskin>
      <Reskin>
        <skin>Cap</skin>
        <name>DBcap</name>
      </Reskin>
    </Reskins>
  </collection>
</WardrobeSettings>