<WardrobeSettings xmlns:xsi="http://www.w3.org/2001/XMLSchema-instance" xmlns:xsd="http://www.w3.org/2001/XMLSchema">

	<!-- 
		JUMPKINGPLUS V1.6.0 by Phoenixx19
		 https://phoenixx19.github.io/JumpKingPlus/workshop
		 Wardrobe feature - Custom skins support.
	-->

	<isCollection>false</isCollection>
	<skin>GnomeHat</skin>
	<name>Dunce Hat</name>
	<description>I think it speaks for its self; as well as speaks for your skill level. (:</description>
	<enabled>true</enabled>
	
</WardrobeSettings>