<?xml version="1.0"?>
<WardrobeSettings xmlns:xsi="http://www.w3.org/2001/XMLSchema-instance" xmlns:xsd="http://www.w3.org/2001/XMLSchema">
  <isCollection>true</isCollection>
  <skin>NULL</skin>
  <name />
  <description />
  <enabled>false</enabled>
  <collection>
    <name>Raven</name>
    <description>Disclaimer: Does not grant flight.</description>
    <enabled>false</enabled>
    <Reskins>
      <Reskin>
        <skin>NULL</skin>
        <name>raven_base</name>
      </Reskin>
      <Reskin>
        <skin>Crown</skin>
        <name>raven_crown</name>
      </Reskin>
      <Reskin>
        <skin>Shoes</skin>
        <name>raven_shoes</name>
      </Reskin>
      <Reskin>
        <skin>CrownNBP</skin>
        <name>raven_crown_nbp</name>
      </Reskin>
      <Reskin>
        <skin>SnakeRing</skin>
        <name>raven_ring</name>
      </Reskin>
      <Reskin>
        <skin>GiantBoots</skin>
        <name>raven_shoes_iron</name>
      </Reskin>
      <Reskin>
        <skin>Cap</skin>
        <name>raven_cap</name>
      </Reskin>
      <Reskin>
        <skin>GnomeHat</skin>
        <name>raven_gnomehat</name>
      </Reskin>
      <Reskin>
        <skin>Tunic</skin>
        <name>raven_tunic</name>
      </Reskin>
      <Reskin>
        <skin>YellowShoes</skin>
        <name>raven_yellowshoes</name>
      </Reskin>
      <Reskin>
        <skin>CrownOwl</skin>
        <name>raven_crown_owl</name>
      </Reskin>
      <Reskin>
        <skin>CapeOwl</skin>
        <name>raven_cape_owl</name>
      </Reskin>
    </Reskins>
  </collection>
</WardrobeSettings>