<?xml version="1.0"?>
<WardrobeSettings xmlns:xsi="http://www.w3.org/2001/XMLSchema-instance" xmlns:xsd="http://www.w3.org/2001/XMLSchema">
  
  <isCollection>true</isCollection>
  <skin>NULL</skin>
  <name />
  <description />
  <enabled>false</enabled>
  
  <collection>
    <name>Hollow Knight</name>
    <description>This is not Hallownest, where did the tram take the Knight? and where is his sword?</description>
    <enabled>true</enabled>
    <Reskins>
    
      <Reskin>
        <skin>NULL</skin>
        <name>Hollow Knight_Base</name>
      </Reskin>
      
      <Reskin>
        <skin>Crown</skin>
        <name>Hollow Knight_Crown</name>
      </Reskin>
      
      <Reskin>
        <skin>CrownNBP</skin>
        <name>Hollow Knight_Crown_NBP</name>
      </Reskin>
      
      <Reskin>
        <skin>CrownOwl</skin>
        <name>Hollow Knight_Crown_Owl</name>
      </Reskin>
      
    </Reskins>
  </collection>
</WardrobeSettings>