<WardrobeSettings xmlns:xsi="http://www.w3.org/2001/XMLSchema-instance" xmlns:xsd="http://www.w3.org/2001/XMLSchema">

	<!-- 
		JUMPKINGPLUS V1.6.0 by Phoenixx19
		 https://phoenixx19.github.io/JumpKingPlus/workshop
		 Wardrobe feature - Custom skins support.
	-->

	<isCollection>false</isCollection>
	<skin>CrownOwl</skin>
	<name>Celeste Cap</name>
	<description>A legend says only those who have seen the "Babe of Ascension" could own this cap.</description>
	<enabled>true</enabled>
	
</WardrobeSettings>